[
  {
    "id": "e3954b63-3ac3-43c8-938e-da88879e4a3c",
    "data": [
      {
        "text": "10/06/2020 08:15",
        "alias": "date-time",
        "meta": "@sys.date-time",
        "userDefined": true
      }
    ],
    "isTemplate": false,
    "count": 0,
    "updated": 0
  },
  {
    "id": "101ea32b-a72b-436c-9bf3-c9699cca7a55",
    "data": [
      {
        "text": "05/06/2020 11:00",
        "alias": "date-time",
        "meta": "@sys.date-time",
        "userDefined": false
      }
    ],
    "isTemplate": false,
    "count": 0,
    "updated": 0
  },
  {
    "id": "bb058943-67c5-4dd8-b5b3-bc73bd0db131",
    "data": [
      {
        "text": "30/06/2020 08:45",
        "alias": "date-time",
        "meta": "@sys.date-time",
        "userDefined": false
      }
    ],
    "isTemplate": false,
    "count": 0,
    "updated": 0
  },
  {
    "id": "9e07343d-d49b-40b6-898f-4d7755266d84",
    "data": [
      {
        "text": "29/05/2020 15:15",
        "alias": "date-time",
        "meta": "@sys.date-time",
        "userDefined": false
      }
    ],
    "isTemplate": false,
    "count": 0,
    "updated": 0
  }
]