[
  {
    "id": "5aac1962-d33b-4d0f-82d1-b0d9b77b1ef5",
    "data": [
      {
        "text": "10/06/2020 08:15",
        "alias": "date-time",
        "meta": "@sys.date-time",
        "userDefined": true
      }
    ],
    "isTemplate": false,
    "count": 0,
    "updated": 0
  },
  {
    "id": "15fbef07-bfd8-41b3-bc10-d66e1bde7ee8",
    "data": [
      {
        "text": "05/06/2020 11:00",
        "alias": "date-time",
        "meta": "@sys.date-time",
        "userDefined": false
      }
    ],
    "isTemplate": false,
    "count": 0,
    "updated": 0
  },
  {
    "id": "c863bf62-4d47-4208-950e-6d0fa3be4fc0",
    "data": [
      {
        "text": "30/06/2020 08:45",
        "alias": "date-time",
        "meta": "@sys.date-time",
        "userDefined": false
      }
    ],
    "isTemplate": false,
    "count": 0,
    "updated": 0
  },
  {
    "id": "aa468fdd-5cd8-4d55-aa58-6d680b0b7923",
    "data": [
      {
        "text": "29/05/2020 15:15",
        "alias": "date-time",
        "meta": "@sys.date-time",
        "userDefined": false
      }
    ],
    "isTemplate": false,
    "count": 0,
    "updated": 0
  }
]