[
  {
    "id": "56ab385e-ee85-493d-9e98-c6975862db9b",
    "data": [
      {
        "text": "26.05 16:45",
        "alias": "date-time",
        "meta": "@sys.date-time",
        "userDefined": true
      }
    ],
    "isTemplate": false,
    "count": 1,
    "updated": 0
  },
  {
    "id": "56b48fe0-7b67-4e95-bfd4-c88ed9f2b94a",
    "data": [
      {
        "text": "Tomorrow, 16:00",
        "alias": "date-time",
        "meta": "@sys.date-time",
        "userDefined": false
      }
    ],
    "isTemplate": false,
    "count": 0,
    "updated": 0
  },
  {
    "id": "4163ac7a-24b0-41e6-98f1-b1caacb245eb",
    "data": [
      {
        "text": "Monday, 17:45",
        "alias": "date-time",
        "meta": "@sys.date-time",
        "userDefined": false
      }
    ],
    "isTemplate": false,
    "count": 0,
    "updated": 0
  }
]