[
  {
    "id": "67c8354b-cfea-494a-8483-40e0ae309e12",
    "data": [
      {
        "text": "756.6605.0151.64",
        "alias": "Insurance_Number",
        "meta": "@Insurance_Number",
        "userDefined": false
      }
    ],
    "isTemplate": false,
    "count": 0,
    "updated": 0
  },
  {
    "id": "55536eaf-0a42-45dc-a692-67d399dbdf19",
    "data": [
      {
        "text": "756.6605.0151.67",
        "alias": "Insurance_Number",
        "meta": "@Insurance_Number",
        "userDefined": false
      }
    ],
    "isTemplate": false,
    "count": 0,
    "updated": 0
  },
  {
    "id": "6375e45c-72ea-4f43-99ad-e9ab1833b1b8",
    "data": [
      {
        "text": "756.6605.0151.65",
        "alias": "Insurance_Number",
        "meta": "@Insurance_Number",
        "userDefined": false
      }
    ],
    "isTemplate": false,
    "count": 0,
    "updated": 0
  },
  {
    "id": "4b9cbdb6-4584-42ed-b0ac-c1c7fdac8654",
    "data": [
      {
        "text": "Yes",
        "alias": "Precondition",
        "meta": "@Precondition",
        "userDefined": true
      },
      {
        "text": ", I do have a medical condition",
        "userDefined": false
      }
    ],
    "isTemplate": false,
    "count": 0,
    "updated": 0
  },
  {
    "id": "f0dc4746-ca8e-4893-98b9-083a85614bf3",
    "data": [
      {
        "text": "Yes",
        "alias": "Fracture",
        "meta": "@Fracture",
        "userDefined": true
      },
      {
        "text": ", I have a broken bone",
        "userDefined": false
      }
    ],
    "isTemplate": false,
    "count": 0,
    "updated": 0
  },
  {
    "id": "9c38bff9-0cd6-4abb-9bda-07c12ba2c0b0",
    "data": [
      {
        "text": "Yes",
        "alias": "Head_Injury",
        "meta": "@Head_Injury",
        "userDefined": true
      },
      {
        "text": ", I have a head injury",
        "userDefined": false
      }
    ],
    "isTemplate": false,
    "count": 0,
    "updated": 0
  },
  {
    "id": "89f7e532-cbd2-44d4-8bce-a969f05c2035",
    "data": [
      {
        "text": "37",
        "alias": "number2",
        "meta": "@sys.number",
        "userDefined": false
      }
    ],
    "isTemplate": false,
    "count": 0,
    "updated": 0
  },
  {
    "id": "32babbcb-5d6d-4568-8280-19136e7f11e8",
    "data": [
      {
        "text": "My body temperature is ",
        "userDefined": false
      },
      {
        "text": "37",
        "alias": "number2",
        "meta": "@sys.number",
        "userDefined": true
      }
    ],
    "isTemplate": false,
    "count": 0,
    "updated": 0
  },
  {
    "id": "10fd4b67-33bf-4550-a53e-4afba238ef36",
    "data": [
      {
        "text": "I have ",
        "userDefined": false
      },
      {
        "text": "no",
        "alias": "Head_Injury",
        "meta": "@Head_Injury",
        "userDefined": true
      },
      {
        "text": " head injury",
        "userDefined": false
      }
    ],
    "isTemplate": false,
    "count": 0,
    "updated": 0
  },
  {
    "id": "1272e3cb-d78e-4506-8c60-7df1992a7db1",
    "data": [
      {
        "text": "I have ",
        "userDefined": false
      },
      {
        "text": "no",
        "alias": "Precondition",
        "meta": "@Precondition",
        "userDefined": true
      },
      {
        "text": " precondition",
        "userDefined": false
      }
    ],
    "isTemplate": false,
    "count": 0,
    "updated": 0
  },
  {
    "id": "26351fb3-a4d7-4ea5-81ba-5e82d42ad2cc",
    "data": [
      {
        "text": "I have ",
        "userDefined": false
      },
      {
        "text": "no",
        "alias": "Fracture",
        "meta": "@Fracture",
        "userDefined": true
      },
      {
        "text": " fracture",
        "userDefined": false
      }
    ],
    "isTemplate": false,
    "count": 0,
    "updated": 0
  },
  {
    "id": "471dd9f8-9650-4aba-8ef2-054c4b07e1dc",
    "data": [
      {
        "text": "756.1234.5678.94",
        "alias": "Insurance_Number",
        "meta": "@Insurance_Number",
        "userDefined": false
      }
    ],
    "isTemplate": false,
    "count": 1,
    "updated": 0
  },
  {
    "id": "0a1528a4-cd13-4b04-980d-d14cd4f022fb",
    "data": [
      {
        "text": "756.1234.5678.90",
        "alias": "Insurance_Number",
        "meta": "@Insurance_Number",
        "userDefined": false
      }
    ],
    "isTemplate": false,
    "count": 0,
    "updated": 0
  },
  {
    "id": "f090f43f-cae3-49f8-8573-42f0b5107da5",
    "data": [
      {
        "text": "756.6605.0151.66",
        "alias": "Insurance_Number",
        "meta": "@Insurance_Number",
        "userDefined": false
      }
    ],
    "isTemplate": false,
    "count": 0,
    "updated": 0
  },
  {
    "id": "af73cebd-6287-4da4-aae7-3bd93a25df53",
    "data": [
      {
        "text": "My insurance number is ",
        "userDefined": false
      },
      {
        "text": "756.8945.4564.78",
        "alias": "Insurance_Number",
        "meta": "@Insurance_Number",
        "userDefined": true
      },
      {
        "text": ". I have ",
        "userDefined": false
      },
      {
        "text": "no",
        "meta": "@sys.ignore",
        "userDefined": true
      },
      {
        "text": " fever, my body temperature is ",
        "userDefined": false
      },
      {
        "text": "37",
        "alias": "number2",
        "meta": "@sys.number",
        "userDefined": false
      },
      {
        "text": ", ",
        "userDefined": false
      },
      {
        "text": "no",
        "alias": "Fracture",
        "meta": "@Fracture",
        "userDefined": true
      },
      {
        "text": " fracture, ",
        "userDefined": false
      },
      {
        "text": "no",
        "alias": "Head_Injury",
        "meta": "@Head_Injury",
        "userDefined": true
      },
      {
        "text": " head injury and ",
        "userDefined": false
      },
      {
        "text": "no",
        "alias": "Precondition",
        "meta": "@Precondition",
        "userDefined": true
      },
      {
        "text": " other precondition.",
        "userDefined": false
      }
    ],
    "isTemplate": false,
    "count": 0,
    "updated": 0
  },
  {
    "id": "e8671120-2511-4c15-bb28-c58b9e8e3459",
    "data": [
      {
        "text": "756.6605.0151.68",
        "alias": "Insurance_Number",
        "meta": "@Insurance_Number",
        "userDefined": true
      }
    ],
    "isTemplate": false,
    "count": 0,
    "updated": 0
  }
]