[
  {
    "id": "19293f4f-e9de-45b1-a5c4-87c3a9206d8a",
    "data": [
      {
        "text": "756.6605.0151.65",
        "alias": "Insurance_Number",
        "meta": "@Insurance_Number",
        "userDefined": false
      }
    ],
    "isTemplate": false,
    "count": 0,
    "updated": 0
  },
  {
    "id": "fc1ad3e1-7b89-4e80-822e-02c22b65815a",
    "data": [
      {
        "text": "Yes",
        "alias": "Precondition",
        "meta": "@Precondition",
        "userDefined": true
      },
      {
        "text": ", I do have a medical condition",
        "userDefined": false
      }
    ],
    "isTemplate": false,
    "count": 0,
    "updated": 0
  },
  {
    "id": "0b5108be-39dc-41cd-a87d-7c0052632c4c",
    "data": [
      {
        "text": "Yes",
        "alias": "Fracture",
        "meta": "@Fracture",
        "userDefined": true
      },
      {
        "text": ", I have a broken bone",
        "userDefined": false
      }
    ],
    "isTemplate": false,
    "count": 0,
    "updated": 0
  },
  {
    "id": "affa196b-a0ee-4a1a-bf89-e5b45488dc43",
    "data": [
      {
        "text": "Yes",
        "alias": "Head_Injury",
        "meta": "@Head_Injury",
        "userDefined": true
      },
      {
        "text": ", I have a head injury",
        "userDefined": false
      }
    ],
    "isTemplate": false,
    "count": 0,
    "updated": 0
  },
  {
    "id": "c96756e4-ebce-4236-b360-c1cc67d851c2",
    "data": [
      {
        "text": "37",
        "alias": "number2",
        "meta": "@sys.number",
        "userDefined": false
      }
    ],
    "isTemplate": false,
    "count": 0,
    "updated": 0
  },
  {
    "id": "f23f2701-c3e4-44b5-a7df-8c19793d97fd",
    "data": [
      {
        "text": "My body temperature is ",
        "userDefined": false
      },
      {
        "text": "37",
        "alias": "number2",
        "meta": "@sys.number",
        "userDefined": true
      }
    ],
    "isTemplate": false,
    "count": 0,
    "updated": 0
  },
  {
    "id": "70b75e51-9077-447e-ad7e-8a2718c3c3e5",
    "data": [
      {
        "text": "I have ",
        "userDefined": false
      },
      {
        "text": "no",
        "alias": "Head_Injury",
        "meta": "@Head_Injury",
        "userDefined": true
      },
      {
        "text": " head injury",
        "userDefined": false
      }
    ],
    "isTemplate": false,
    "count": 0,
    "updated": 0
  },
  {
    "id": "760e5383-5aba-4516-9f08-5a64b3500a2c",
    "data": [
      {
        "text": "I have ",
        "userDefined": false
      },
      {
        "text": "no",
        "alias": "Precondition",
        "meta": "@Precondition",
        "userDefined": true
      },
      {
        "text": " precondition",
        "userDefined": false
      }
    ],
    "isTemplate": false,
    "count": 0,
    "updated": 0
  },
  {
    "id": "ba31d6eb-25a5-41fb-b63a-19120a33e235",
    "data": [
      {
        "text": "I have ",
        "userDefined": false
      },
      {
        "text": "no",
        "alias": "Fracture",
        "meta": "@Fracture",
        "userDefined": true
      },
      {
        "text": " fracture",
        "userDefined": false
      }
    ],
    "isTemplate": false,
    "count": 0,
    "updated": 0
  },
  {
    "id": "b11c5b04-c9fc-435d-b5ce-24b187a836d3",
    "data": [
      {
        "text": "756.1234.5678.94",
        "alias": "Insurance_Number",
        "meta": "@Insurance_Number",
        "userDefined": false
      }
    ],
    "isTemplate": false,
    "count": 1,
    "updated": 0
  },
  {
    "id": "de4a68c0-fdf7-4a7e-8634-d3df7fd01ca6",
    "data": [
      {
        "text": "756.1234.5678.90",
        "alias": "Insurance_Number",
        "meta": "@Insurance_Number",
        "userDefined": false
      }
    ],
    "isTemplate": false,
    "count": 0,
    "updated": 0
  },
  {
    "id": "286953ff-23e9-4ac5-a399-54b2fd2e664d",
    "data": [
      {
        "text": "756.6605.0151.66",
        "alias": "Insurance_Number",
        "meta": "@Insurance_Number",
        "userDefined": false
      }
    ],
    "isTemplate": false,
    "count": 0,
    "updated": 0
  },
  {
    "id": "4acd449a-9f7f-4fc0-a941-2106157a4267",
    "data": [
      {
        "text": "My insurance number is ",
        "userDefined": false
      },
      {
        "text": "756.8945.4564.78",
        "alias": "Insurance_Number",
        "meta": "@Insurance_Number",
        "userDefined": true
      },
      {
        "text": ". I have ",
        "userDefined": false
      },
      {
        "text": "no",
        "meta": "@sys.ignore",
        "userDefined": true
      },
      {
        "text": " fever, my body temperature is ",
        "userDefined": false
      },
      {
        "text": "37",
        "alias": "number2",
        "meta": "@sys.number",
        "userDefined": false
      },
      {
        "text": ", ",
        "userDefined": false
      },
      {
        "text": "no",
        "alias": "Fracture",
        "meta": "@Fracture",
        "userDefined": true
      },
      {
        "text": " fracture, ",
        "userDefined": false
      },
      {
        "text": "no",
        "alias": "Head_Injury",
        "meta": "@Head_Injury",
        "userDefined": true
      },
      {
        "text": " head injury and ",
        "userDefined": false
      },
      {
        "text": "no",
        "alias": "Precondition",
        "meta": "@Precondition",
        "userDefined": true
      },
      {
        "text": " other precondition.",
        "userDefined": false
      }
    ],
    "isTemplate": false,
    "count": 0,
    "updated": 0
  },
  {
    "id": "1b7f19f2-12b6-4087-936b-32bead30f599",
    "data": [
      {
        "text": "756.6605.0151.68",
        "alias": "Insurance_Number",
        "meta": "@Insurance_Number",
        "userDefined": true
      }
    ],
    "isTemplate": false,
    "count": 0,
    "updated": 0
  }
]