[
  {
    "id": "8a488877-254d-4b2a-b40b-88d4685e121d",
    "data": [
      {
        "text": "Yes",
        "alias": "Precondition",
        "meta": "@Precondition",
        "userDefined": true
      },
      {
        "text": ", I do have a medical condition",
        "userDefined": false
      }
    ],
    "isTemplate": false,
    "count": 0,
    "updated": 0
  },
  {
    "id": "63478644-fb12-4958-87a9-e7366578fb40",
    "data": [
      {
        "text": "Yes",
        "alias": "Fracture",
        "meta": "@Fracture",
        "userDefined": true
      },
      {
        "text": ", I have a broken bone",
        "userDefined": false
      }
    ],
    "isTemplate": false,
    "count": 0,
    "updated": 0
  },
  {
    "id": "268ab0f5-c6aa-42fb-813d-e106e44f54a1",
    "data": [
      {
        "text": "Yes",
        "alias": "Head_Injury",
        "meta": "@Head_Injury",
        "userDefined": true
      },
      {
        "text": ", I have a head injury",
        "userDefined": false
      }
    ],
    "isTemplate": false,
    "count": 0,
    "updated": 0
  },
  {
    "id": "593d879e-f254-454a-813e-90b06899c03f",
    "data": [
      {
        "text": "37",
        "alias": "number2",
        "meta": "@sys.number",
        "userDefined": false
      }
    ],
    "isTemplate": false,
    "count": 0,
    "updated": 0
  },
  {
    "id": "f156b873-d5f1-4659-b495-227d171f8e2b",
    "data": [
      {
        "text": "My body temperature is ",
        "userDefined": false
      },
      {
        "text": "37",
        "alias": "number2",
        "meta": "@sys.number",
        "userDefined": true
      }
    ],
    "isTemplate": false,
    "count": 0,
    "updated": 0
  },
  {
    "id": "9676b972-9de7-42a2-8a99-e36562618585",
    "data": [
      {
        "text": "I have ",
        "userDefined": false
      },
      {
        "text": "no",
        "alias": "Head_Injury",
        "meta": "@Head_Injury",
        "userDefined": true
      },
      {
        "text": " head injury",
        "userDefined": false
      }
    ],
    "isTemplate": false,
    "count": 0,
    "updated": 0
  },
  {
    "id": "c5d1d979-2c55-4d2a-9d41-73ee498a0371",
    "data": [
      {
        "text": "I have ",
        "userDefined": false
      },
      {
        "text": "no",
        "alias": "Precondition",
        "meta": "@Precondition",
        "userDefined": true
      },
      {
        "text": " precondition",
        "userDefined": false
      }
    ],
    "isTemplate": false,
    "count": 0,
    "updated": 0
  },
  {
    "id": "5d4724f0-3b30-4e01-84e6-20a1088335ae",
    "data": [
      {
        "text": "I have ",
        "userDefined": false
      },
      {
        "text": "no",
        "alias": "Fracture",
        "meta": "@Fracture",
        "userDefined": true
      },
      {
        "text": " fracture",
        "userDefined": false
      }
    ],
    "isTemplate": false,
    "count": 0,
    "updated": 0
  },
  {
    "id": "7942ed45-85da-4a35-8438-882cde602679",
    "data": [
      {
        "text": "756.1234.5678.94",
        "alias": "Insurance_Number",
        "meta": "@Insurance_Number",
        "userDefined": false
      }
    ],
    "isTemplate": false,
    "count": 1,
    "updated": 0
  },
  {
    "id": "8c2992ad-fc16-4441-aeaf-756432c4b698",
    "data": [
      {
        "text": "756.1234.5678.90",
        "alias": "Insurance_Number",
        "meta": "@Insurance_Number",
        "userDefined": false
      }
    ],
    "isTemplate": false,
    "count": 0,
    "updated": 0
  },
  {
    "id": "f7c1e4ec-de1d-4479-aea3-c1c58f2defff",
    "data": [
      {
        "text": "756.6605.0151.66",
        "alias": "Insurance_Number",
        "meta": "@Insurance_Number",
        "userDefined": false
      }
    ],
    "isTemplate": false,
    "count": 0,
    "updated": 0
  },
  {
    "id": "2d80b9cb-f718-45ec-81a0-ec3b80e13f13",
    "data": [
      {
        "text": "My insurance number is ",
        "userDefined": false
      },
      {
        "text": "756.8945.4564.78",
        "alias": "Insurance_Number",
        "meta": "@Insurance_Number",
        "userDefined": true
      },
      {
        "text": ". I have ",
        "userDefined": false
      },
      {
        "text": "no",
        "meta": "@sys.ignore",
        "userDefined": true
      },
      {
        "text": " fever, my body temperature is ",
        "userDefined": false
      },
      {
        "text": "37",
        "alias": "number2",
        "meta": "@sys.number",
        "userDefined": false
      },
      {
        "text": ", ",
        "userDefined": false
      },
      {
        "text": "no",
        "alias": "Fracture",
        "meta": "@Fracture",
        "userDefined": true
      },
      {
        "text": " fracture, ",
        "userDefined": false
      },
      {
        "text": "no",
        "alias": "Head_Injury",
        "meta": "@Head_Injury",
        "userDefined": true
      },
      {
        "text": " head injury and ",
        "userDefined": false
      },
      {
        "text": "no",
        "alias": "Precondition",
        "meta": "@Precondition",
        "userDefined": true
      },
      {
        "text": " other precondition.",
        "userDefined": false
      }
    ],
    "isTemplate": false,
    "count": 0,
    "updated": 0
  },
  {
    "id": "6c0bfebd-fde6-4477-bc22-1c3a3a153e99",
    "data": [
      {
        "text": "756.6605.0151.68",
        "alias": "Insurance_Number",
        "meta": "@Insurance_Number",
        "userDefined": true
      }
    ],
    "isTemplate": false,
    "count": 0,
    "updated": 0
  }
]