[
  {
    "id": "38dd8036-1d92-4ccb-b2e6-e9c4672bffb9",
    "data": [
      {
        "text": "10.09.1991",
        "alias": "dateOfBirth",
        "meta": "@sys.date",
        "userDefined": false
      }
    ],
    "isTemplate": false,
    "count": 0,
    "updated": 0
  },
  {
    "id": "07626b99-1604-49d6-b19d-2243b8ae3d30",
    "data": [
      {
        "text": "kevin.saner91@hotmail.com",
        "alias": "email",
        "meta": "@sys.email",
        "userDefined": true
      }
    ],
    "isTemplate": false,
    "count": 0,
    "updated": 0
  },
  {
    "id": "c8ae84d5-2fd8-452f-9db5-0b964ba706bf",
    "data": [
      {
        "text": "Leia",
        "alias": "givenname",
        "meta": "@sys.given-name",
        "userDefined": true
      },
      {
        "text": " ",
        "userDefined": false
      },
      {
        "text": "Organa",
        "alias": "lastname",
        "meta": "@sys.last-name",
        "userDefined": true
      }
    ],
    "isTemplate": false,
    "count": 0,
    "updated": 0
  },
  {
    "id": "a9a5ee1e-572a-490f-bc19-c08c3db8ae11",
    "data": [
      {
        "text": "Lars",
        "alias": "givenname",
        "meta": "@sys.given-name",
        "userDefined": true
      },
      {
        "text": " ",
        "userDefined": false
      },
      {
        "text": "Moser",
        "alias": "lastname",
        "meta": "@sys.last-name",
        "userDefined": true
      }
    ],
    "isTemplate": false,
    "count": 0,
    "updated": 0
  },
  {
    "id": "2feb9987-f04e-46d3-8aa5-77a0f0e29a92",
    "data": [
      {
        "text": "John",
        "alias": "givenname",
        "meta": "@sys.given-name",
        "userDefined": true
      },
      {
        "text": " ",
        "userDefined": false
      },
      {
        "text": "Doe",
        "alias": "lastname",
        "meta": "@sys.last-name",
        "userDefined": true
      }
    ],
    "isTemplate": false,
    "count": 0,
    "updated": 0
  }
]