[
  {
    "id": "dfb521e6-e984-4ad2-9559-4b83cb5ad2ff",
    "data": [
      {
        "text": "10.09.1991",
        "alias": "dateOfBirth",
        "meta": "@sys.date",
        "userDefined": false
      }
    ],
    "isTemplate": false,
    "count": 0,
    "updated": 0
  },
  {
    "id": "aa7bf477-12d9-4560-a254-5d452f5bd439",
    "data": [
      {
        "text": "kevin.saner91@hotmail.com",
        "alias": "email",
        "meta": "@sys.email",
        "userDefined": true
      }
    ],
    "isTemplate": false,
    "count": 0,
    "updated": 0
  },
  {
    "id": "1a05dab9-3be5-4e30-beb3-0480b2081bff",
    "data": [
      {
        "text": "Leia",
        "alias": "givenname",
        "meta": "@sys.given-name",
        "userDefined": true
      },
      {
        "text": " ",
        "userDefined": false
      },
      {
        "text": "Organa",
        "alias": "lastname",
        "meta": "@sys.last-name",
        "userDefined": true
      }
    ],
    "isTemplate": false,
    "count": 0,
    "updated": 0
  },
  {
    "id": "b110f0fe-7e3b-4e3e-9c6e-1b9c606ea4e0",
    "data": [
      {
        "text": "Lars",
        "alias": "givenname",
        "meta": "@sys.given-name",
        "userDefined": true
      },
      {
        "text": " ",
        "userDefined": false
      },
      {
        "text": "Moser",
        "alias": "lastname",
        "meta": "@sys.last-name",
        "userDefined": true
      }
    ],
    "isTemplate": false,
    "count": 0,
    "updated": 0
  },
  {
    "id": "4996560c-ba01-49ba-b9ce-202cd2bba51a",
    "data": [
      {
        "text": "John",
        "alias": "givenname",
        "meta": "@sys.given-name",
        "userDefined": true
      },
      {
        "text": " ",
        "userDefined": false
      },
      {
        "text": "Doe",
        "alias": "lastname",
        "meta": "@sys.last-name",
        "userDefined": true
      }
    ],
    "isTemplate": false,
    "count": 0,
    "updated": 0
  }
]