[
  {
    "id": "fb203abf-34f6-49a0-8221-038d26a97c55",
    "data": [
      {
        "text": "10.09.1991",
        "alias": "dateOfBirth",
        "meta": "@sys.date-time",
        "userDefined": false
      }
    ],
    "isTemplate": false,
    "count": 0,
    "updated": 0
  },
  {
    "id": "db1e6bdd-9a09-44d4-b4e5-331f393d158f",
    "data": [
      {
        "text": "kevin.saner91@hotmail.com",
        "alias": "email",
        "meta": "@sys.email",
        "userDefined": true
      }
    ],
    "isTemplate": false,
    "count": 0,
    "updated": 0
  },
  {
    "id": "91a3dd7e-2d94-44bb-9e3f-b96aed2fe58e",
    "data": [
      {
        "text": "Leia",
        "alias": "givenname",
        "meta": "@sys.given-name",
        "userDefined": true
      },
      {
        "text": " ",
        "userDefined": false
      },
      {
        "text": "Organa",
        "alias": "lastname",
        "meta": "@sys.last-name",
        "userDefined": true
      }
    ],
    "isTemplate": false,
    "count": 0,
    "updated": 0
  },
  {
    "id": "dfc19522-db8c-4b4b-81cb-92efd2489fac",
    "data": [
      {
        "text": "Lars",
        "alias": "givenname",
        "meta": "@sys.given-name",
        "userDefined": true
      },
      {
        "text": " ",
        "userDefined": false
      },
      {
        "text": "Moser",
        "alias": "lastname",
        "meta": "@sys.last-name",
        "userDefined": true
      }
    ],
    "isTemplate": false,
    "count": 0,
    "updated": 0
  },
  {
    "id": "d56ca444-2210-43d8-819f-c9b187337c48",
    "data": [
      {
        "text": "John",
        "alias": "givenname",
        "meta": "@sys.given-name",
        "userDefined": true
      },
      {
        "text": " ",
        "userDefined": false
      },
      {
        "text": "Doe",
        "alias": "lastname",
        "meta": "@sys.last-name",
        "userDefined": true
      }
    ],
    "isTemplate": false,
    "count": 0,
    "updated": 0
  }
]