[
  {
    "id": "5368aaad-a7f5-4f50-9452-ee6938f3d41a",
    "data": [
      {
        "text": "Headache",
        "alias": "Symptoms",
        "meta": "@Symptoms",
        "userDefined": false
      }
    ],
    "isTemplate": false,
    "count": 0,
    "updated": 0
  },
  {
    "id": "46b1201e-b9c2-449a-93fb-ab1bd6b7a47c",
    "data": [
      {
        "text": "Cough, Fever, Breathlessness",
        "alias": "Symptoms",
        "meta": "@Symptoms",
        "userDefined": true
      }
    ],
    "isTemplate": false,
    "count": 0,
    "updated": 0
  },
  {
    "id": "5bf89ec5-2b25-41e3-b530-2fdc05dfd629",
    "data": [
      {
        "text": "Cut",
        "alias": "Symptoms",
        "meta": "@Symptoms",
        "userDefined": true
      }
    ],
    "isTemplate": false,
    "count": 0,
    "updated": 0
  },
  {
    "id": "579790aa-01ba-4349-baf7-d50b364bfbc0",
    "data": [
      {
        "text": "Abrasion",
        "alias": "Symptoms",
        "meta": "@Symptoms",
        "userDefined": true
      }
    ],
    "isTemplate": false,
    "count": 0,
    "updated": 0
  }
]