[
  {
    "id": "bbd09e5c-d38b-4b79-8d46-58ef1bfc3be6",
    "data": [
      {
        "text": "Swelling",
        "alias": "Symptoms",
        "meta": "@Symptoms",
        "userDefined": true
      },
      {
        "text": ",",
        "userDefined": false
      },
      {
        "text": "Bruises",
        "alias": "Symptoms",
        "meta": "@Symptoms",
        "userDefined": true
      },
      {
        "text": ",",
        "userDefined": false
      },
      {
        "text": "Pain",
        "alias": "Symptoms",
        "meta": "@Symptoms",
        "userDefined": true
      }
    ],
    "isTemplate": false,
    "count": 0,
    "updated": 0
  },
  {
    "id": "4818ba6d-9a6a-4638-8b47-5e827ee7e1d4",
    "data": [
      {
        "text": "Cut",
        "alias": "Symptoms",
        "meta": "@Symptoms",
        "userDefined": false
      },
      {
        "text": ",",
        "userDefined": false
      },
      {
        "text": "Bleeding",
        "alias": "Symptoms",
        "meta": "@Symptoms",
        "userDefined": true
      }
    ],
    "isTemplate": false,
    "count": 0,
    "updated": 0
  },
  {
    "id": "38de90f9-a254-4a30-8352-9327e12ff357",
    "data": [
      {
        "text": "Sunburn",
        "alias": "Symptoms",
        "meta": "@Symptoms",
        "userDefined": false
      }
    ],
    "isTemplate": false,
    "count": 0,
    "updated": 0
  },
  {
    "id": "e36d066c-04d8-4d88-a1f5-f3678a6cb830",
    "data": [
      {
        "text": "Headache",
        "alias": "Symptoms",
        "meta": "@Symptoms",
        "userDefined": false
      }
    ],
    "isTemplate": false,
    "count": 0,
    "updated": 0
  },
  {
    "id": "c8dfb2a4-c6cf-40df-9032-1c327aa792a6",
    "data": [
      {
        "text": "Cough",
        "alias": "Symptoms",
        "meta": "@Symptoms",
        "userDefined": true
      },
      {
        "text": ", ",
        "userDefined": false
      },
      {
        "text": "Fever",
        "alias": "Symptoms",
        "meta": "@Symptoms",
        "userDefined": true
      },
      {
        "text": ", ",
        "userDefined": false
      },
      {
        "text": "Breathlessness",
        "alias": "Symptoms",
        "meta": "@Symptoms",
        "userDefined": true
      }
    ],
    "isTemplate": false,
    "count": 0,
    "updated": 0
  },
  {
    "id": "25bf4b94-58c4-4865-9cc8-d735b991681d",
    "data": [
      {
        "text": "Cut",
        "alias": "Symptoms",
        "meta": "@Symptoms",
        "userDefined": true
      }
    ],
    "isTemplate": false,
    "count": 0,
    "updated": 0
  },
  {
    "id": "15727ca1-04d4-4c7a-92c4-b398d950671b",
    "data": [
      {
        "text": "Abrasion",
        "alias": "Symptoms",
        "meta": "@Symptoms",
        "userDefined": true
      }
    ],
    "isTemplate": false,
    "count": 0,
    "updated": 0
  }
]