[
  {
    "id": "f21adaa0-bc80-40cc-a138-34226b8c0ae0",
    "data": [
      {
        "text": "Cough, Fever, Breathlessness",
        "alias": "Symptoms",
        "meta": "@Symptoms",
        "userDefined": true
      }
    ],
    "isTemplate": false,
    "count": 0,
    "updated": 0
  },
  {
    "id": "c4bbbd8c-78ac-493d-b917-d997af50cf4e",
    "data": [
      {
        "text": "Cut",
        "alias": "Symptoms",
        "meta": "@Symptoms",
        "userDefined": true
      }
    ],
    "isTemplate": false,
    "count": 0,
    "updated": 0
  },
  {
    "id": "df604707-4656-40e8-bb9a-b9a7bc2beef4",
    "data": [
      {
        "text": "Abrasion",
        "alias": "Symptoms",
        "meta": "@Symptoms",
        "userDefined": true
      }
    ],
    "isTemplate": false,
    "count": 0,
    "updated": 0
  }
]